,제목,판매여부,저자,원가,판매가,마일리지,번역여부,엮은이,출간일,페이지,구판여부,ISBN,물류코드
0,포르잔 C++ 에센셜,판매중," Behrouz A. Forouzan , Richard F. Gilberg ","32,000원","32,000원(0% off)",960점 (3%),번역서, 윤인성 , 2020-11-10, 756 쪽,, 9791156645061,4506
0,"IT CookBook, 액세스 2019로 배우는 데이터베이스 기초와 실습",판매중, 김지연 ,"28,000원","28,000원(0% off)",840점 (3%),집필서,, 2020-09-28, 536 쪽,"이 도서는 <IT CookBook, 데이터베이스 기초와 실습 ", 9791156645054,4505
0,포르잔 C++ 바이블,판매중," Behrouz A. Forouzan , Richard F. Gilberg ","45,000원","45,000원(0% off)","1,350점 (3%)",번역서, 윤인성 , 2020-08-31, 1192 쪽,, 9791156645030,4503
0,딥러닝을 위한 선형대수학,판매중, Gilbert Strang ,"38,000원","38,000원(0% off)","1,140점 (3%)",번역서, 부산대학교 산업수학센터(FFMIMC) , 2020-08-05, 560 쪽,, 9791156644972,4497
0,"IT CookBook, 오라클로 배우는 데이터베이스 개론과 실습(2판)",판매중," 박우창 , 남송휘 , 이현룡 ","29,000원","29,000원(0% off)",870점 (3%),집필서,, 2020-07-30, 600 쪽,"이 도서는 <IT CookBook, 오라클로 배우는 데이터베이스 개론과 실습>의 개정판입니다. 구판 정보 보기", 9791156645023,4502
0,대학을 버려야 대학이 산다,판매중, 조동성 외 인천대학교 가족 178명 ,"18,000원","18,000원(0% off)",540점 (3%),집필서,, 2020-07-25, 216 쪽,, 9791156645016,4501
0,"IT CookBook, 따라 하면서 배우는 사물인터넷",판매중, 양재삼 ,"28,000원","28,000원(0% off)",840점 (3%),집필서,, 2020-07-23, 448 쪽,, 9791156644941,4494
0,R로 하는 다변량 데이터 분석 : 이론부터 실무 활용까지,판매중," 카와하시 잇코 , 이와마 노리카즈 , 스즈키 마사유키 ","32,000원","32,000원(0% off)",960점 (3%),번역서, 권기태 , 2020-07-10, 544 쪽,, 9791156644989,4498
0,창의적 공학설계(3판),판매중, 김은경 ,"23,000원","23,000원(0% off)",690점 (3%),집필서,, 2020-07-10, 408 쪽,이 도서는 <창의적 공학설계(개정판)>의 개정판입니다. 구판 정보 보기, 9791156644934,4493
0,공학 핵심수학(2판)  : 기초부터 심화까지 핵심만 쏙쏙,판매중, 함남우 ,"23,000원","23,000원(0% off)",690점 (3%),집필서,, 2020-07-06, 484 쪽,이 도서는 <공학 핵심수학 , 9791156644996,4499
0,응용이 보이는 선형대수학 : 파이썬과 함께하는 선형대수학 이론과 응용,판매중, 이건명 ,"31,000원","31,000원(0% off)",930점 (3%),집필서,, 2020-07-06, 592 쪽,, 9791156645009,4500
0,"IT CookBook, 초연결 사회의 데이터통신과 네트워킹",판매중, 강문식 ,"29,000원","29,000원(0% off)",870점 (3%),집필서,, 2020-06-30, 504 쪽,"이 도서는 <IT CookBook, New 데이터통신과 네트워킹 ", 9791156644927,4492
0,"IT CookBook, 쉽게 배우는 MFC 윈도우 프로그래밍",판매중," 김선우 , 신화선 ","30,000원","30,000원(0% off)",900점 (3%),집필서,, 2020-06-20, 772 쪽,, 9791156644903,4490
0,"IT CookBook, 인공지능 시대를 위한 컴퓨터 과학 개론",판매중, 정기철 ,"27,000원","27,000원(0% off)",810점 (3%),집필서,, 2020-06-19, 520 쪽,, 9791156644958,4495
0,"IT CookBook, 코틀린을 활용한 안드로이드 프로그래밍",판매중," 우재남 , 유혜림 ","34,000원","34,000원(0% off)","1,020점 (3%)",집필서,, 2020-06-19, 564 쪽,, 9791156644965,4496
0,"IT CookBook, 처음 만나는 신재생에너지",판매중, 김지홍 ,"25,000원","25,000원(0% off)",750점 (3%),집필서,, 2020-06-10, 388 쪽,, 9791156644859,4485
0,프리드버그 선형대수학,판매중," 스티븐 H. 프리드버그 , 아놀드 J. 인셀 , 로렌스 E. 스펜스 ","35,000원","35,000원(0% off)","1,050점 (3%)",번역서," 한빛수학교재연구소 , 심형보(감수) ", 2020-06-05, 616 쪽,, 9791156644910,4491
0,"IT CookBook, CentOS 리눅스",판매중, 이종원 ,"32,000원","32,000원(0% off)",960점 (3%),집필서,, 2020-05-30, 792 쪽,, 9791156644897,4489
0,"Microeconomics, 6th Edition, Asia Edition",판매중," David Besanko , Ronald Braeutigam ","49,000원","49,000원(0% off)","1,470점 (3%)",원서,, 2020-05-01, 856 쪽,, 9781119666226,30000
0,누구나 파이썬 통계분석,판매중, 타니아이 히로키 ,"26,000원","26,000원(0% off)",780점 (3%),번역서, 권기태 , 2020-04-06, 384 쪽,, 9791156644880,4488
0,제대로 배우는 MATLAB&Simulink,판매중, 방성완 ,"29,000원","29,000원(0% off)",870점 (3%),집필서,, 2020-03-05, 576 쪽,, 9791156644828,4482
0,공학도를 위한 경영 : 4차 산업혁명 시대,판매중, 하귀룡 ,"25,000원","25,000원(0% off)",750점 (3%),집필서,, 2020-02-28, 348 쪽,, 9791156644866,4486
0,"SWedu 011, 앱 인벤터(2판) : 쉽고 재미있게 만드는 앱 프로그래밍",판매중, 이종원 ,"24,000원","24,000원(0% off)",720점 (3%),집필서,, 2020-02-21, 408 쪽,"이 도서는 <SWedu, 앱 인벤터>의 개정판입니다. 구판 정보 보기", 9791156644873,4487
0,"IT CookBook, 컴파일러의 이해 : 내공 있는 프로그래머로 길러주는 (증보판)",판매중, 박두순 ,"27,000원","27,000원(0% off)",810점 (3%),집필서,, 2020-02-20, 508 쪽,"이 도서는 <IT CookBook, 컴파일러의 이해 ", 9791156644835,4483
0,(2020) 완벽분석! 사회조사분석사 2급 실기,판매중," 노경섭 , 김성일 , 김기만 ","28,000원","28,000원(0% off)",840점 (3%),집필서,, 2020-01-30, 384 쪽,, 9791156644620,4462
0,"IT CookBook, 운영체제론 : Operating Systems, 3rd Ed",판매중," 하비 디텔 , 폴 디텔 , 데이빗 쇼픈스 ","32,000원","32,000원(0% off)",960점 (3%),번역서, 송경희 , 2020-01-30, 860 쪽,, 9791156644842,4484
0,기초수학 : Basic Mathematics(2판),판매중, 이재원 ,"20,000원","20,000원(0% off)",600점 (3%),집필서,, 2020-01-10, 312 쪽,이 도서는 <기초수학 , 9791156644811,4481
0,"IT CookBook, Android Studio를 활용한 안드로이드 프로그래밍(5판)",판매중," 우재남 , 박길식 ","29,000원","29,000원(0% off)",870점 (3%),집필서,, 2020-01-08, 572 쪽,"이 도서는 <IT CookBook, Android Studio를 활용한 안드로이드 프로그래밍(4판)>의 개정판입니다. 구판 정보 보기", 9791156644804,4480
0,"IT CookBook, 4차 산업혁명 시대의 정보통신개론",판매중, 고응남 ,"25,000원","25,000원(0% off)",750점 (3%),집필서,, 2020-01-06, 600 쪽,"이 도서는 <IT CookBook, New 정보통신개론 ", 9791156644767,4476
0,"IT CookBook, C 언어 일취월장",판매중, 신윤환 ,"28,000원","28,000원(0% off)",840점 (3%),집필서,, 2020-01-06, 808 쪽,, 9791156644774,4477
0,"IT CookBook, UI 디자인과 프로토타이핑을 위한 Adobe XD",판매중, 이영주 ,"27,000원","27,000원(0% off)",810점 (3%),집필서,, 2020-01-06, 552 쪽,, 9791156644750,4475
0,"IT CookBook, UI/UX 디자인 이론과 실습 with Adobe XD",판매중, 이영주 ,"28,000원","28,000원(0% off)",840점 (3%),집필서,, 2020-01-06, 560 쪽,, 9791156644651,4465
0,"IT CookBook, 객체 지향 설계와 분석을 위한 UML 기초와 응용",판매중," 한정수 , 김귀정 ","24,000원","24,000원(0% off)",720점 (3%),집필서,, 2020-01-06, 336 쪽,, 9791156644781,4478
0,"IT CookBook, 리눅스 실습 for Beginner",판매중, 우재남 ,"24,000원","24,000원(0% off)",720점 (3%),집필서,, 2020-01-06, 488 쪽,, 9791156644705,4470
0,"IT CookBook, 비주얼 베이직 2019 입문",판매중, 임관철 ,"25,000원","25,000원(0% off)",750점 (3%),집필서,, 2020-01-06, 436 쪽,, 9791156644699,4469
0,"IT CookBook, 스크래치로 배우는 컴퓨팅 사고",판매중," 조성호 , 고광일 ","21,000원","21,000원(0% off)",630점 (3%),집필서,, 2020-01-06, 384 쪽,, 9791156644798,4479
0,"IT CookBook, 엑셀로 배우는 데이터 분석",판매중, 박주미 ,"21,000원","21,000원(0% off)",630점 (3%),집필서,, 2020-01-06, 480 쪽,, 9791156644682,4468
0,"IT CookBook, 초연결 사회를 위한 컴퓨터 개론",판매중, 조성호 ,"26,000원","26,000원(0% off)",780점 (3%),집필서,, 2020-01-06, 538 쪽,, 9791156644675,4467
0,"IT CookBook, 파이썬 for Beginner(2판)",판매중, 우재남 ,"23,000원","23,000원(0% off)",690점 (3%),집필서,, 2020-01-06, 504 쪽,"이 도서는 <IT CookBook,  파이썬 for Beginner>의 개정판입니다. 구판 정보 보기", 9791156644668,4466
0,NO BULLSHIT 선형대수학 가이드,판매중, Ivan Savov ,"28,000원","28,000원(0% off)",840점 (3%),번역서," 김대정 , 모현선 , 배준우 ", 2020-01-06, 628 쪽,, 9791156644729,4472
0,NO BULLSHIT 수학&물리 가이드,판매중, Ivan Savov ,"28,000원","28,000원(0% off)",840점 (3%),번역서, 권기영 , 2020-01-06, 568 쪽,, 9791156644644,4464
0,정보교과교육론(2판),판매중," 이태욱 , 최현종 , 전용주 ","27,000원","27,000원(0% off)",810점 (3%),집필서,, 2020-01-06, 464 쪽,, 9791156644743,4474
0,실무로 완성하는 PLC(멜섹Q) : 서보를 이용한 위치 제어,판매중, 정완보 ,"28,000원","28,000원(0% off)",840점 (3%),집필서,, 2020-01-02, 568 쪽,, 9791156644736,4473
0,"College Physics, 5th Edition",판매중, Alan Giambattista ,"45,000원","45,000원(0% off)","1,350점 (3%)",원서,, 2020-01-01, 1232 쪽,, 9781260547719,8999
0,Stata로 끝내는 논문,판매중, 정규형 ,"25,000원","25,000원(0% off)",750점 (3%),집필서,, 2019-12-09, 372 쪽,, 9791156644712,4471
0,"Business Statistics: For Contemporary Decision Making, 10th Edition, Asia Edition",판매중, Ken Black ,"49,000원","49,000원(0% off)","1,470점 (3%)",원서,, 2019-12-01, 832 쪽,, 9781119668220,30001
0,(2020) 완벽분석! 사회조사분석사 2급 필기,판매중," 노경섭 , 김성일 , 김기만 ","30,000원","30,000원(0% off)",900점 (3%),집필서,, 2019-11-20, 588 쪽,, 9791156644613,4461
0,"IT CookBook, 유닉스 이론과 실습(3판)",판매중," 이종원 , 윤소정 ","25,000원","25,000원(0% off)",750점 (3%),집필서,, 2019-11-13, 568 쪽,, 9791156644637,4463
0,"IT CookBook, 경영경제통계학",판매중, 유영태 ,"28,000원","28,000원(0% off)",840점 (3%),집필서,, 2019-10-18, 472 쪽,, 9791156644606,4460
0,"Swedu, 정보적 사고에서 인공 지능까지",판매중, 김현철 ,"19,000원","19,000원(0% off)",570점 (3%),집필서,, 2019-09-28, 184 쪽,, 9791156644545,4454
0,"IT CookBook, 문제 해결력을 키우는 디자인 씽킹",판매중," 송태란 , 이정현 ","22,000원","22,000원(0% off)",660점 (3%),집필서,, 2019-09-10, 300 쪽,, 9791156644583,4458
0,"IT CookBook, 모두를 위한 R 데이터 분석 입문",판매중, 오세종 ,"26,000원","26,000원(0% off)",780점 (3%),집필서,, 2019-08-24, 480 쪽,, 9791156644590,4459
0,"IT CookBook, 최신 컴퓨터 구조",판매중," 임석구 , 홍경호 ","28,000원","28,000원(0% off)",840점 (3%),집필서,, 2019-08-17, 616 쪽,, 9791156644569,4456
0,"IT CookBook , MySQL로 배우는 데이터베이스 개론과 실습",판매중," 박우창 , 남송휘 , 이현룡 ","27,000원","27,000원(0% off)",810점 (3%),집필서,, 2019-08-15, 572 쪽,, 9791156644576,4457
0,"IT CookBook, HTML5 웹 프로그래밍 입문(3판)",판매중, 윤인성 ,"26,000원","26,000원(0% off)",780점 (3%),집필서,, 2019-07-20, 488 쪽,"이 도서는 <IT CookBook, HTML5 웹 프로그래밍 입문(개정판)>의 개정판입니다. 구판 정보 보기", 9791156644552,4455
0,"IT CookBook, 컴퓨터 활용과 실습 2016",판매중, 김주영 ,"24,000원","24,000원(0% off)",720점 (3%),집필서,, 2019-07-15, 520 쪽,, 9791156644507,4450
0,"IT Cookbook, 처음 만나는 전자회로",판매중, 황형수 ,"24,000원","24,000원(0% off)",720점 (3%),집필서,, 2019-07-10, 440 쪽,, 9791156644491,4449
0,스트랭 미분방정식과 선형대수학,판매중, Gilbert Strang ,"30,000원","30,000원(0% off)",900점 (3%),번역서, 한빛수학교재연구소 , 2019-07-09, 552 쪽,, 9791156644422,4442
0,"IT CookBook, 네트워크 개론(3판)",판매중, 진혜진 ,"25,000원","25,000원(0% off)",750점 (3%),집필서,, 2019-07-05, 516 쪽,"이 도서는 <IT CookBook, 네트워크 개론(개정판) ", 9791156644521,4452
0,"IT CookBook, 텐서플로로 배우는 딥러닝",판매중," 박혜정 , 석경하 , 심주용 , 황창하 ","27,000원","27,000원(0% off)",810점 (3%),집필서,, 2019-06-30, 448 쪽,, 9791156644538,4453
0,"IT CookBook, 파워포인트 2016",판매중, 김지연 ,"19,000원","19,000원(0% off)",570점 (3%),집필서,, 2019-06-29, 420 쪽,, 9791156644514,4451
0,"SWedu, 스크래치 3.0 : 컴퓨팅 사고력을 키우는 블록 코딩",판매중, 고광일 ,"22,000원","22,000원(0% off)",660점 (3%),집필서,, 2019-06-10, 392 쪽,, 9791156644484,4448
0,"IT CookBook, design school 포토샵 & 일러스트레이터 CC 2019",판매중, 이영주 ,"23,000원","23,000원(0% off)",690점 (3%),집필서,, 2019-06-06, 616 쪽,, 9791156644477,4447
0,"IT CookBook, PHP 프로그래밍 입문(3판)",판매중, 황재호 ,"25,000원","25,000원(0% off)",750점 (3%),집필서,, 2019-05-20, 456 쪽,"이 도서는 <IT CookBook, PHP 프로그래밍 입문(개정판)>의 개정판입니다. 구판 정보 보기", 9791156644446,4444
0,칼만 필터는 어렵지 않아 with MATLAB Examples,판매중, 김성필 ,"26,000원","26,000원(0% off)",780점 (3%),집필서,, 2019-05-20, 256 쪽,, 9791156644415,4441
0,"IT CookBook, R로 배우는 데이터 과학",판매중," 양윤석 , 오일석 , 강래형 ","27,000원","27,000원(0% off)",810점 (3%),집필서,, 2019-05-08, 440 쪽,, 9791156644460,4446
0,"IT CookBook, design school 포토샵 CC 2019",판매중, 이영주 ,"22,000원","22,000원(0% off)",660점 (3%),집필서,, 2019-04-19, 540 쪽,, 9791156644453,4445
0,제대로 알고 쓰는 논문 통계분석 : SPSS & AMOS (개정증보판),판매중, 노경섭 ,"28,000원","28,000원(0% off)",840점 (3%),집필서,, 2019-02-28, 460 쪽,, 9791156644408,4440
0,이산수학 : tool 중심으로 이해하는 새로운 시각,판매중, 박두순 ,"24,000원","24,000원(0% off)",720점 (3%),집필서,, 2019-01-31, 484 쪽,, 9791156644033,4403
0,"IT CookBook, 따라 하면서 배우는 마이크로컨트롤러",판매중, 허경용 ,"28,000원","28,000원(0% off)",840점 (3%),집필서,, 2019-01-28, 528 쪽,, 9791156644392,4439
0,"IT CookBook, 데이터베이스 개론(2판)",판매중, 김연희 ,"27,000원","27,000원(0% off)",810점 (3%),집필서,, 2019-01-03, 592 쪽,, 9791156644316,4431
0,스트랭 미분적분학,판매중, Gilbert Strang ,"34,000원","34,000원(0% off)","1,020점 (3%)",번역서, 한빛수학교재연구소 , 2019-01-02, 872 쪽,, 9791156644378,4437
0,"IT CookBook, 데이터 과학을 위한 파이썬 프로그래밍",판매중, 최성철 ,"25,000원","25,000원(0% off)",750점 (3%),집필서,, 2019-01-01, 536 쪽,, 9791156644361,4436
0,"IT CookBook, 데이터베이스 for Beginner",판매중, 우재남 ,"24,000원","24,000원(0% off)",720점 (3%),집필서,, 2019-01-01, 520 쪽,, 9791156644354,4435
0,한번에 통과하는 논문 : AMOS 구조방정식 활용과 SPSS 고급 분석,판매중, 히든그레이스 논문통계팀 ,"28,000원","28,000원(0% off)",840점 (3%),집필서,, 2018-12-24, 536 쪽,, 9791156644347,4434
0,공학도라면 반드시 알아야 할 최소한의 과학,판매중, John Bird ,"24,000원","24,000원(0% off)",720점 (3%),번역서, 권기영 , 2018-12-21, 456 쪽,, 9791156644040,4404
0,"IT CookBook, 전공자를 위한 C 언어 프로그래밍",판매중, 주우석 ,"29,000원","29,000원(0% off)",870점 (3%),집필서,, 2018-12-14, 668 쪽,, 9791156643708,4370
0,"IT CookBook, design school 프리미어 프로 CC",판매중, 강재신 ,"25,000원","25,000원(0% off)",750점 (3%),집필서,, 2018-12-07, 532 쪽,, 9791156643937,4393
0,"IT CookBook, design school 일러스트레이터 CC",판매중, 이영주 ,"23,000원","23,000원(0% off)",690점 (3%),집필서,, 2018-11-30, 428 쪽,, 9791156643920,4392
0,"IT CookBook, 모바일 & 데스크톱을 위한 웹 기획 프로세스",판매중, 강은정 ,"24,000원","24,000원(0% off)",720점 (3%),집필서,, 2018-11-25, 424 쪽,, 9791156644323,4432
0,"IT CookBook, 시스템 해킹과 보안(3판)",판매중, 양대일 ,"27,000원","27,000원(0% off)",810점 (3%),집필서,, 2018-11-12, 568 쪽,, 9791156644101,4410
0,"IT CookBook, 자바 프로그래밍 for Beginner",판매중, 우재남 ,"26,000원","26,000원(0% off)",780점 (3%),집필서,, 2018-11-10, 600 쪽,, 9791156644064,4406
0,"IT CookBook, 쉽게 배우는 JSP 웹 프로그래밍",판매중, 송미영 ,"27,000원","27,000원(0% off)",810점 (3%),집필서,, 2018-10-08, 636 쪽,, 9791156643388,4338
0,NCS를 기반으로 한 직무 기초수학,판매중," 이광연 , 조성훈 , 최상일 ","22,000원","22,000원(0% off)",660점 (3%),집필서,, 2018-10-05, 408 쪽,, 9791156644002,4400
0,수치해석학 바이블,판매중," Ward Cheney , David Kincaid ","32,000원","32,000원(0% off)",960점 (3%),번역서," 이병준 , 한희재 ", 2018-09-28, 676 쪽,, 9791156644019,4401
0,MATLAB으로 배우는 공학 수치해석(개정판),판매중, 방성완 ,"24,000원","24,000원(0% off)",720점 (3%),집필서,, 2018-07-20, 352 쪽,, 9791156643999,4399
0,"IT CookBook, 모바일 UI/UX 디자인 실무",판매중, 이영주 ,"28,000원","28,000원(0% off)",840점 (3%),집필서,, 2018-07-09, 528 쪽,, 9791156644088,4408
0,"IT CookBook, C 언어 for Beginner(개정3판)",판매중, 우재남 ,"23,000원","23,000원(0% off)",690점 (3%),집필서,, 2018-06-30, 516 쪽,, 9791156643951,4395
0,"IT CookBook, R로 배우는 딥러닝",판매중," 박혜정 , 석경하 , 심주용 , 황창하 ","23,000원","23,000원(0% off)",690점 (3%),집필서,, 2018-06-30, 240 쪽,, 9791156644095,4409
0,"IT CookBook, 쉽게 배우는 운영체제",판매중, 조성호 ,"28,000원","28,000원(0% off)",840점 (3%),집필서,, 2018-06-30, 616 쪽,, 9791156644071,4407
0,"SWedu, 엔트리파이선",판매중," 정영식 , 홍은미 , 김슬기 , 김성훈 ","22,000원","22,000원(0% off)",660점 (3%),집필서,, 2018-06-30, 264 쪽,, 9791156643944,4394
0,"IT CookBook, 엑셀 2016",판매중, 김지연 ,"19,000원","19,000원(0% off)",570점 (3%),집필서,, 2018-06-29, 412 쪽,, 9791156644057,4405
0,만만한 통계 : Excel 활용,판매중, 닐 샐카인드(Neil J. Salkind) ,"26,000원","26,000원(0% off)",780점 (3%),번역서, 김재경 , 2018-06-29, 476 쪽,, 9791156643982,4398
0,문과생도 이해하는 확률과 통계,판매중, 야마모토 토시로 ,"20,000원","20,000원(0% off)",600점 (3%),번역서, 박윤경 , 2018-06-29, 300 쪽,, 9791156643975,4397
0,수식이 보이는 공학수학 : Engineering Mathematics (개정판),판매중, 장윤석 ,"24,000원","24,000원(0% off)",720점 (3%),집필서,, 2018-06-20, 476 쪽,이 도서는 <수식이 보이는 공학수학 , 9791156644026,4402
0,"IT CookBook, 핵심이 보이는 전자회로 with PSPICE(개정판)",판매중, 신경욱 ,"32,000원","32,000원(0% off)",960점 (3%),집필서,, 2018-04-30, 660 쪽,, 9791156643883,4388
0,MOS 2016 액세스,판매중," 김경희 , 오해강 ","14,000원","14,000원(0% off)",420점 (3%),집필서,, 2018-04-17, 292 쪽,, 9791156643371,4337
0,MATLAB으로 배우는 공학수학 : Engineering Mathematics (개정판),판매중, 소상균 ,"28,000원","28,000원(0% off)",840점 (3%),집필서,, 2018-04-05, 744 쪽,이 도서는 <MATLAB으로 배우는 공학수학 , 9791156643869,4386
0,한번에 통과하는 논문 : SPSS 결과표 작성과 해석 방법,판매중, 히든그레이스 논문통계팀 ,"23,000원","23,000원(0% off)",690점 (3%),집필서,, 2018-03-28, 420 쪽,, 9791156643876,4387
0,"IT CookBook, C++ 트레이닝",판매중, 김상형 ,"26,000원","26,000원(0% off)",780점 (3%),집필서,, 2018-03-25, 484 쪽,, 9791156643906,4390
0,4차 산업혁명 시대의 기업 혁신을 위한 비즈니스 프로세스,판매중," 정승렬 , 이정규 ","29,000원","29,000원(0% off)",870점 (3%),집필서,, 2018-03-10, 484 쪽,, 9791156643913,4391
0,"IT CookBook, 핵심이 보이는 제어공학(개정판)",판매중, 김성중 ,"26,000원","26,000원(0% off)",780점 (3%),집필서,, 2018-02-28, 564 쪽,, 9791156643845,4384
0,"IT CookBook, 우분투 리눅스(개정판)",판매중, 이종원 ,"31,000원","31,000원(0% off)",930점 (3%),집필서,, 2018-02-20, 856 쪽,, 9791156643821,4382
0,쉽고 빠르게 합격하는 COS 2급,판매중, 이연란 ,"18,000원","16,200원(10% off)",900점 (5%),집필서,, 2018-02-12, 324 쪽,, 9791156643692,4369
0,생각하며 배우는 대학물리학,판매중, 이기영 ,"30,000원","30,000원(0% off)",900점 (3%),집필서,, 2018-02-02, 632 쪽,, 9791156643784,4378
0,"IT CookBook, 소프트웨어 세상을 여는 컴퓨터 과학",판매중, 김종훈 ,"22,000원","22,000원(0% off)",660점 (3%),집필서,, 2018-01-26, 376 쪽,, 9791156643814,4381
0,"IT CookBook, 쉽게 배우는 알고리즘(개정판)",판매중, 문병로 ,"27,000원","27,000원(0% off)",810점 (3%),집필서,, 2018-01-20, 528 쪽,, 9791156643753,4375
0,MOS 2016 아웃룩,판매중," 김경희 , 오해강 ","14,000원","14,000원(0% off)",420점 (3%),집필서,, 2018-01-19, 248 쪽,, 9791156643807,4380
0,"IT CookBook, 확률과 랜덤 과정",판매중, 정호영 ,"23,000원","23,000원(0% off)",690점 (3%),집필서,, 2018-01-15, 340 쪽,, 9791156643791,4379
0,"IT CookBook, 기초부터 시작하는 PLC: 지멘스 S7-1500",판매중, 정완보 ,"23,000원","23,000원(0% off)",690점 (3%),집필서,, 2018-01-10, 492 쪽,, 9791156643722,4372
0,"IT CookBook, 정보 보안 개론 개정3판",판매중, 양대일 ,"28,000원","28,000원(0% off)",840점 (3%),집필서,, 2018-01-10, 584 쪽,, 9791156643616,4361
0,미분적분학 에센스,판매중, 제임스 스튜어트 ,"28,000원","28,000원(0% off)",840점 (3%),번역서, 한빛수학교재연구소 , 2018-01-08, 516 쪽,, 9791156643685,4368
0,미분적분학 바이블,판매중, 제임스 스튜어트 ,"34,000원","34,000원(0% off)","1,020점 (3%)",번역서, 한빛수학교재연구소 , 2018-01-04, 948 쪽,, 9791156643678,4367
0,"IT CookBook, 기초 회로이론(개정 2판)",판매중, 최윤식 ,"24,000원","24,000원(0% off)",720점 (3%),집필서,, 2017-12-28, 484 쪽,, 9791156643715,4371
0,"IT CookBook , 엑셀과 파워포인트 2016",판매중, 김지연 ,"22,000원","22,000원(0% off)",660점 (3%),집필서,, 2017-12-27, 512 쪽,, 9791156643760,4376
0,"IT CookBook, 기본 개념과 핵심 원리로 배우는 C++ 프로그래밍",판매중, 김화수 ,"28,000원","28,000원(0% off)",840점 (3%),집필서,, 2017-12-22, 624 쪽,, 9791156643647,4364
0,"SWedu, 파이선으로 쉽게 배우는 프로그래밍 입문",판매중, 조인석 ,"21,000원","21,000원(0% off)",630점 (3%),집필서,, 2017-12-21, 376 쪽,, 9791156643777,4377
0,"IT CookBook, 단계별로 배우는 안드로이드 프로그래밍",판매중, 김선우 ,"35,000원","35,000원(0% off)","1,050점 (3%)",집필서,, 2017-12-08, 740 쪽,, 9791156643630,4363
0,기계 학습,판매중, 오일석 ,"32,000원","32,000원(0% off)",960점 (3%),집필서,, 2017-12-05, 664 쪽,, 9791156641582,4158
0,"IT CookBook, C 언어 트레이닝",판매중, 김상형 ,"25,000원","25,000원(0% off)",750점 (3%),집필서,, 2017-12-04, 524 쪽,, 9791156643609,4360
0,code.org를 활용한 컴퓨팅 사고력과 코딩 교육,판매중," 제인 크라우스 , 키키 프롯츠만 ","19,000원","19,000원(0% off)",570점 (3%),번역서," 김수환 , 김찬웅 , 김해영 ", 2017-11-30, 232 쪽,, 9791156643241,4324
0,"IT CookBook, 디지털 영상처리",판매중," 심동규 , 임웅 ","28,000원","28,000원(0% off)",840점 (3%),집필서,, 2017-11-30, 512 쪽,, 9791156641575,4157
0,"IT CookBook, 전기전자공학 개론(개정 6판)",판매중," Stan Gibilisco , Simon Monk ","32,000원","32,000원(0% off)",960점 (3%),번역서," 권기영 , 조성재 , 유태훈 ", 2017-11-30, 828 쪽,, 9791156643661,4366
0,"IT CookBook, 핵심이 보이는 전자회로 실험 with PSPICE",판매중, 신경욱 ,"25,000원","25,000원(0% off)",750점 (3%),집필서,, 2017-11-30, 464 쪽,, 9791156643654,4365
0,"IT CookBook, 페도라 리눅스(개정판)",판매중, 이종원 ,"29,000원","29,000원(0% off)",870점 (3%),집필서,, 2017-11-10, 856 쪽,, 9791156641599,4159
0,한번에 통과하는 논문 : 논문 검색과 쓰기 전략,판매중, 히든그레이스 논문통계팀 ,"18,900원","18,900원(0% off)",567점 (3%),집필서,, 2017-11-05, 332 쪽,, 9791156642541,4254
0,"SWedu, 비트브릭",판매중," 김경하 , 박승미 , 최선경 , 이민아 , 김진선 , 강병수 , 이신영 ","19,000원","19,000원(0% off)",570점 (3%),집필서,, 2017-10-22, 344 쪽,, 9791156643395,4339
0,MOS 2016 워드 Expert,판매중," 김경희 , 오해강 ","14,000원","14,000원(0% off)",420점 (3%),집필서,, 2017-10-20, 256 쪽,, 9791156643364,4336
0,공학도라면 반드시 알아야 할 최소한의 수학,판매중, John Bird ,"22,000원","22,000원(0% off)",660점 (3%),번역서, 이재원 , 2017-09-30, 396 쪽,, 9791156643333,4333
0,MOS 2016 엑셀 Expert,판매중," 김경희 , 오해강 ","14,000원","14,000원(0% off)",420점 (3%),집필서,, 2017-09-11, 312 쪽,, 9791156643357,4335
0,MOS 2016 파워포인트,판매중," 김경희 , 오해강 ","14,000원","14,000원(0% off)",420점 (3%),집필서,, 2017-09-11, 248 쪽,, 9791156643340,4334
0,4차 산업혁명 시대의 경영정보시스템,판매중, 이동훈 ,"28,000원","28,000원(0% off)",840점 (3%),집필서,, 2017-08-08, 476 쪽,, 9791156643319,4331
0,"IT CookBook, 쉽게 배우는 자바 프로그래밍",판매중, 우종정 ,"27,000원","27,000원(0% off)",810점 (3%),집필서,, 2017-08-02, 692 쪽,, 9791156643296,4329
0,"IT CookBook, 차세대 웹 프로그래밍",판매중, 홍성용 ,"26,000원","26,000원(0% off)",780점 (3%),집필서,, 2017-07-30, 468 쪽,, 9791156643302,4330
0,개념이 잡히는 디지털 전자회로,판매중, 강영국 ,"29,000원","29,000원(0% off)",870점 (3%),집필서,, 2017-07-27, 716 쪽,, 9791156643012,4301
0,"IT CookBook, 유닉스 시스템 프로그래밍",판매중, 이종원 ,"25,000원","25,000원(0% off)",750점 (3%),집필서,, 2017-07-17, 520 쪽,, 9791156643326,4332
0,문과생도 이해하는 전기전자수학,판매중, 야마시타 아키라 ,"20,000원","20,000원(0% off)",600점 (3%),번역서," 박윤경 , 이현숙 ", 2017-07-14, 352 쪽,, 9791156643289,4328
0,확률과 통계 입문 : Basic Probability & Statistics,판매중, 이재원 ,"20,000원","20,000원(0% off)",600점 (3%),집필서,, 2017-07-10, 352 쪽,, 9791156643227,4322
0,기초 미분적분학(개정판) : Pre Calculus,판매중, 함남우 ,"22,000원","22,000원(0% off)",660점 (3%),집필서,, 2017-07-07, 392 쪽,, 9791156643210,4321
0,"IT CookBook, 인터넷 해킹과 보안 개정3판",판매중, 김경곤 ,"25,000원","25,000원(0% off)",750점 (3%),집필서,, 2017-06-30, 488 쪽,, 9791156643272,4327
0,"IT CookBook, MFC 윈도우 프로그래밍",판매중, 강경우 ,"27,000원","27,000원(0% off)",810점 (3%),집필서,, 2017-06-26, 512 쪽,, 9791156643265,4326
0,"IT CookBook, 웹 디자인 이론과 실습",판매중, 강은정 ,"25,000원","25,000원(0% off)",750점 (3%),집필서,, 2017-06-05, 400 쪽,, 9791156643258,4325
0,"IT CookBook, 기초부터 시작하는 PLC : 멜섹Q",판매중, 정완보 ,"23,000원","23,000원(0% off)",690점 (3%),집필서,, 2017-04-28, 484 쪽,, 9791156643203,4320
0,"IT CookBook, C로 시작하는 컴퓨터 프로그래밍 개정3판",판매중," 문호석 , 손명호 ","20,000원","20,000원(0% off)",600점 (3%),집필서,, 2017-04-17, 424 쪽,, 9791156643180,4318
0,객체지향 소프트웨어 공학,판매중, 최은만 ,"29,000원","29,000원(0% off)",870점 (3%),집필서,, 2017-04-10, 608 쪽,, 9791156643197,4319
0,기초 공업수학,판매중, 마인숙 ,"20,000원","20,000원(0% off)",600점 (3%),집필서,, 2017-02-28, 392 쪽,, 9791156642985,4298
0,"IT CookBook, 반도체 공학(개정판)",판매중, 김동명 ,"35,000원","35,000원(0% off)","1,050점 (3%)",집필서,, 2017-02-17, 908 쪽,, 9791156643142,4314
0,"IT CookBook, 기초 통신이론",판매중, 김영길 ,"22,000원","22,000원(0% off)",660점 (3%),집필서,, 2017-02-06, 356 쪽,, 9791156643029,4302
0,데이터 아이코놀로지,판매중, 박진완 ,"26,000원","26,000원(0% off)",780점 (3%),집필서,, 2017-01-26, 320 쪽,, 9791156643098,4309
0,"IT CookBook, 임베디드 리눅스 기초와 응용",판매중," 우종정 , 사공준 ","22,000원","22,000원(0% off)",660점 (3%),집필서,, 2017-01-24, 488 쪽,, 9791156643135,4313
0,"IT CookBook, 컴퓨팅 사고력을 키우는 이산수학(개정판)",판매중, 박주미 ,"25,000원","25,000원(0% off)",750점 (3%),집필서,, 2017-01-14, 592 쪽,, 9791156643050,4305
0,easy LED : 초보자를 위한 LED 가이드북,판매중, 홍순관 ,"18,000원","18,000원(0% off)",540점 (3%),집필서,, 2017-01-02, 204 쪽,, 9791156643005,4300
0,"IT CookBook, 디지털 시스템 설계 및 실습 with VHDL & Verilog HDL",판매중, 노승환 ,"25,000원","25,000원(0% off)",750점 (3%),집필서,, 2017-01-02, 440 쪽,, 9791156642992,4299
0,"IT CookBook, 기초 전기전자 에센스",판매중," 모현선 , 장성용 , 홍익표 ","25,000원","25,000원(0% off)",750점 (3%),집필서,, 2016-12-31, 528 쪽,, 9791156642978,4297
0,"IT CookBook, 비주얼 베이직 2015 for Beginner",판매중, 임관철 ,"24,000원","24,000원(0% off)",720점 (3%),집필서,, 2016-12-30, 432 쪽,, 9791156643067,4306
0,"IT CookBook, 네트워크 해킹과 보안 개정3판 : 정보 보안 개론과 실습",판매중, 양대일 ,"26,000원","26,000원(0% off)",780점 (3%),집필서,, 2016-12-28, 584 쪽,, 9791156642770,4277
0,"IT CookBook, 쉽게 배우는 데이터 통신과 컴퓨터 네트워크 (개정판)",판매중, 박기현 ,"27,000원","27,000원(0% off)",810점 (3%),집필서,, 2016-12-26, 584 쪽,, 9791156643043,4304
0,"IT CookBook, 자바스크립트 프로그래밍 입문",판매중, 윤인성 ,"25,000원","25,000원(0% off)",750점 (3%),집필서,, 2016-12-15, 424 쪽,, 9791156642787,4278
0,"IT CookBook, 처음 만나는 자동제어공학",판매중, 김성중 ,"18,000원","18,000원(0% off)",540점 (3%),집필서,, 2016-12-12, 256 쪽,, 9791156642374,4237
0,"IT CookBook, HTML & CSS for Beginner",판매중, 황재호 ,"23,000원","23,000원(0% off)",690점 (3%),집필서,, 2016-11-10, 472 쪽,, 9791156642794,4279
0,"IT CookBook, 처음 만나는 전기기기",판매중," 최은혁 , 박숭규 ","20,000원","20,000원(0% off)",600점 (3%),집필서,, 2016-11-01, 268 쪽,, 9791156642398,4239
0,"SWedu, 컴퓨팅 사고력을 키우는 SW 교육 : 엔트리 & 햄스터",판매중," 황준 , 박광현 , 이웅재 , 최은정 , 고혜영 , 이재호 , 손예진 , 조민주 ","20,000원","20,000원(0% off)",600점 (3%),집필서,, 2016-09-05, 252 쪽,, 9791156642749,4274
0,ITQ 엑셀 2010,판매중," 장수진, 유우종, 임관철 , 김경희 ","15,000원","15,000원(0% off)",450점 (3%),집필서,, 2016-09-01, 244 쪽,, 9791156642671,4267
0,ITQ 파워포인트 2010,판매중," 장수진, 유우종, 임관철 , 김경희 ","15,000원","15,000원(0% off)",450점 (3%),집필서,, 2016-09-01, 252 쪽,, 9791156642664,4266
0,ITQ 한글 2010,판매중," 장수진, 유우종, 임관철 , 김경희 ","15,000원","15,000원(0% off)",450점 (3%),집필서,, 2016-09-01, 252 쪽,, 9791156642688,4268
0,"IT CookBook, 인터넷 윤리",판매중," 최희식 , 김상균 ","22,000원","22,000원(0% off)",660점 (3%),집필서,, 2016-08-26, 400 쪽,, 9791156642503,4250
0,한 권으로 합격하는 MOS 2010 엑셀과 파워포인트,판매중," 김경희 , 오해강 ","15,000원","15,000원(0% off)",450점 (3%),집필서,, 2016-08-26, 220 쪽,, 9791156642763,4276
0,파이썬으로 배우는 프로그래밍 기초,판매중, 크리스 로피 ,"13,000원","13,000원(0% off)",390점 (3%),번역서," 유형목 , 이지호 ", 2016-08-18, 228 쪽,, 9788968484940,2494
0,"IT CookBook, 자바 프로그래밍 바이블",판매중," 오경주 , 염기호 , 정용훈 ","29,000원","29,000원(0% off)",870점 (3%),집필서,, 2016-08-12, 948 쪽,, 9791156642732,4273
0,제대로 알고 쓰는 R 통계분석,판매중, 이윤환 ,"25,000원","25,000원(0% off)",750점 (3%),집필서,, 2016-08-05, 400 쪽,, 9791156642640,4264
0,"IT CookBook, C로 배우는 쉬운 자료구조(개정3판)",판매중, 이지영 ,"27,000원","27,000원(0% off)",810점 (3%),집필서,, 2016-07-28, 596 쪽,, 9791156642695,4269
0,"IT CookBook, 처음 만나는 디지털 논리회로",판매중," 임석구 , 홍경호 ","22,000원","22,000원(0% off)",660점 (3%),집필서,, 2016-07-25, 448 쪽,, 9791156642633,4263
0,"SWedu, 컴퓨팅 사고력을 키우는 SW 교육 : 파이썬",판매중, 우재남 ,"22,000원","22,000원(0% off)",660점 (3%),집필서,, 2016-07-20, 444 쪽,, 9791156642701,4270
0,"IT CookBook, 기초 신호 및 시스템",판매중, 이철희 ,"26,000원","26,000원(0% off)",780점 (3%),집필서,, 2016-07-18, 492 쪽,, 9791156642657,4265
0,생생한 사례로 배우는 확률과 통계,판매중, 이재원 ,"25,000원","25,000원(0% off)",750점 (3%),집필서,, 2016-07-15, 476 쪽,, 9791156642619,4261
0,공학과 경영,판매중, 김상균 ,"26,000원","26,000원(0% off)",780점 (3%),집필서,, 2016-07-07, 404 쪽,, 9791156642626,4262
0,"IT CookBook, 운영체제(개정3판)",판매중, 구현회 ,"27,000원","27,000원(0% off)",810점 (3%),집필서,, 2016-06-30, 684 쪽,, 9791156642459,4245
0,"IT CookBook, 처음 만나는 전자기학",판매중, 곽동주 ,"23,000원","23,000원(0% off)",690점 (3%),집필서,, 2016-06-28, 412 쪽,, 9791156642602,4260
0,"IT CookBook, 디지털 콘텐츠 기획",판매중, 김성은 ,"26,000원","26,000원(0% off)",780점 (3%),집필서,, 2016-06-27, 508 쪽,, 9791156642718,4271
0,IT 해외 취업 가이드 : 미국편,판매중, 송기봉 ,"18,000원","18,000원(0% off)",540점 (3%),집필서,, 2016-06-11, 296 쪽,, 9791156642572,4257
0,"IT CookBook, 기초전자실험(개정판) : with PSpice",판매중, 홍순관 ,"17,000원","17,000원(0% off)",510점 (3%),집필서,, 2016-06-10, 296 쪽,, 9791156642589,4258
0,"IT CookBook, 따라 하면서 배우는 아두이노",판매중, 허경용 ,"26,000원","26,000원(0% off)",780점 (3%),집필서,, 2016-06-10, 456 쪽,, 9791156642596,4259
0,제대로 시작하는 기초 통계학 : Excel 활용,판매중, 노경섭 ,"24,000원","24,000원(0% off)",720점 (3%),집필서,, 2016-06-10, 312 쪽,, 9791156642565,4256
0,"IT CookBook, 윈도우 서버 2012 R2 : 설치, 운영, 관리+실무 팁",판매중," 남훈식 , 최영락 ","28,000원","28,000원(0% off)",840점 (3%),집필서,, 2016-02-25, 664 쪽,, 9791156642497,4249
0,스크래치를 활용한 문제해결능력 향상,판매중, 김종훈 ,"9,000원","9,000원(0% off)",270점 (3%),집필서,, 2016-02-19, 124 쪽,, 9788968482625,2262
0,대학생을 위한 스크래치 프로그래밍 : 누구나 할 수 있는 가장 쉬운 프로그래밍 입문서,판매중, 김종훈 ,"18,000원","18,000원(0% off)",540점 (3%),집필서,, 2016-01-26, 232 쪽,, 9788968482557,2255
0,미적분학,판매중," Carol Ash , Robert B. Ash ","35,000원","35,000원(0% off)","1,050점 (3%)",번역서," 김광수 , 최형규 ", 2016-01-21, 716 쪽,, 9791156642343,4234
0,"IT CookBook, 처음 만나는 전력공학",판매중," 박숭규 , 최은혁 , 최병숙 ","23,000원","23,000원(0% off)",690점 (3%),집필서,, 2016-01-15, 416 쪽,, 9791156642367,4236
0,"IT CookBook, 처음 만나는 회로이론",판매중, 방성완 ,"20,000원","20,000원(0% off)",600점 (3%),집필서,, 2016-01-12, 384 쪽,, 9791156642350,4235
0,최신 공학수학 with Sage Ⅰ,판매중," 이상구 , 김영록 , 박준현 , 김응기 , 이재화 ","25,000원","25,000원(0% off)",750점 (3%),집필서,, 2016-01-12, 500 쪽,, 9791156642091,4209
0,최신 공학수학 with Sage Ⅱ,판매중," 이상구 , 김영록 , 박준현 , 김응기 , 이재화 ","23,000원","23,000원(0% off)",690점 (3%),집필서,, 2016-01-12, 444 쪽,, 9791156642107,4210
0,창의적 공학설계(개정판),판매중, 김은경 ,"22,000원","22,000원(0% off)",660점 (3%),집필서,, 2016-01-08, 404 쪽,, 9791156642381,4238
0,"IT CookBook, 최신 이동통신 입문 : Mobile Communications",판매중, Jochen H. Schiller ,"28,000원","28,000원(0% off)",840점 (3%),번역서," 곽경섭 , 고영채 ", 2016-01-04, 464 쪽,, 9791156642084,4208
0,"IT CookBook, 쉬운 영어로 읽는 최신 전산 영어(개정3판)",판매중, 조준모 ,"17,000원","17,000원(0% off)",510점 (3%),집필서,, 2015-12-30, 300 쪽,, 9791156642039,4203
0,"IT CookBook, 데이터베이스 기초와 실습 : 액세스 2013",판매중, 김지연 ,"25,000원","25,000원(0% off)",750점 (3%),집필서,, 2015-12-28, 504 쪽,, 9791156642404,4240
0,"IT CookBook, 전자상거래와 e-비즈니스(개정3판)",판매중, 이동훈 ,"25,000원","25,000원(0% off)",750점 (3%),집필서,, 2015-12-28, 512 쪽,, 9791156642435,4243
0,"IT CookBook, 컴퓨터 사이언스(개정판) : 새내기를 위한 최신 컴퓨터 개론",판매중," 이동명 , 권오현 , 고정국 ","24,000원","24,000원(0% off)",720점 (3%),집필서,, 2015-12-28, 492 쪽,, 9791156642428,4242
0,"IT CookBook, 핵심이 보이는 반도체 공학",판매중, 권기영 ,"28,000원","28,000원(0% off)",840점 (3%),집필서,, 2015-12-18, 568 쪽,, 9791156642077,4207
0,"IT CookBook, 원리로 이해하는 전력전자공학 : 기초부터 응용까지",판매중," 원충연 , 김영렬 , 이택기 , 정용채 , 이병국 ","26,000원","26,000원(0% off)",780점 (3%),집필서,, 2015-12-10, 484 쪽,, 9791156641988,4198
0,"IT CookBook, C# 프로그래밍 : 프로그래밍 기초부터 객체 지향 핵심까지",판매중, 윤인성 ,"25,000원","25,000원(0% off)",750점 (3%),집필서,, 2015-12-01, 560 쪽,, 9791156642046,4204
0,"IT CookBook, 쉽게 배우는 소프트웨어 공학",판매중, 김치수 ,"25,000원","25,000원(0% off)",750점 (3%),집필서,, 2015-12-01, 512 쪽,, 9791156642053,4205
0,"IT CookBook, 시스템 분석과 설계(개정판) : 효과적인 비즈니스 정보시스템 개발",판매중, 허원실 ,"25,000원","25,000원(0% off)",750점 (3%),집필서,, 2015-12-01, 408 쪽,, 9791156642060,4206
0,"IT CookBook, JUST JAVA : 객체지향에 충실한 자바다운 자바",판매중, 황희정 ,"25,000원","25,000원(0% off)",750점 (3%),집필서,, 2015-10-26, 512 쪽,, 9791156642015,4201
0,"IT CookBook, UI/UX 디자인 이론과 실습",판매중, 이영주 ,"27,000원","27,000원(0% off)",810점 (3%),집필서,, 2015-09-23, 506 쪽,, 9791156642022,4202
0,"IT CookBook, 정보보안 이론과 실제",판매중, 마크 스탬프 ,"25,000원","25,000원(0% off)",750점 (3%),번역서," 안태남 , 손용락 , 이광석 ", 2015-09-17, 496 쪽,, 9791156642008,4200
0,"IT CookBook, 리눅스 프로그래밍 기초 : 시스템 호출, 라이브러리 함수별 실습",판매중," 최태영 , 황준하 , 고재필 , 윤현주 , 김용호 ","20,000원","20,000원(0% off)",600점 (3%),집필서,, 2015-08-17, 372 쪽,, 9791156641964,4196
0,앱 인벤터 2 : 구글과 MIT 앱 인벤터 개발팀이 안내하는 안드로이드 프로그래밍,판매중," David Wolber , Hal Abelson , Ellen Spertus , Liz Looney ","24,000원","24,000원(0% off)",720점 (3%),번역서," 오일석 , 이진선 ", 2015-07-20, 384 쪽,, 9791156641865,4186
0,easy LTE : 초보 기술자를 위한 이동통신 가이드북,판매중, 이상근 ,"23,000원","23,000원(0% off)",690점 (3%),집필서,, 2015-07-10, 232 쪽,, 9791156641834,4183
0,"IT CookBook, 원리로 이해하는 마이크로파 공학",판매중, 홍익표 ,"26,000원","26,000원(0% off)",780점 (3%),집필서,, 2015-07-10, 432 쪽,, 9791156641896,4189
0,"창의와 혁신의 시크릿, 트리즈 : Training How To Think Inventively",판매중, 김은경 ,"23,000원","23,000원(0% off)",690점 (3%),집필서,, 2015-07-10, 320 쪽,, 9791156641902,4190
0,"IT CookBook, 디지털 논리회로(개정3판) : 이론, 실습, 시뮬레이션",판매중," 임석구 , 홍경호 ","27,000원","27,000원(0% off)",810점 (3%),집필서,, 2015-07-07, 786 쪽,, 9791156641889,4188
0,"IT CookBook, 핵심 API로 배우는 윈도우 프로그래밍",판매중, 강경우 ,"26,000원","26,000원(0% off)",780점 (3%),집필서,, 2015-06-28, 464 쪽,, 9791156641872,4187
0,MATLAB으로 배우는 선형대수학 : Linear Algebra with MATLAB,판매중," 이광연 , 설한국 ","27,000원","27,000원(0% off)",810점 (3%),집필서,, 2015-06-10, 540 쪽,, 9791156641841,4184
0,창의융합 프로젝트 아이디어북 : Creative Convergence Capstone Design with PBL,판매중, 조준동 ,"24,000원","24,000원(0% off)",720점 (3%),집필서,, 2015-06-10, 256 쪽,, 9791156641858,4185
0,"IT CookBook, XML 프로그래밍 : 체계적으로 배우는 XML 원리와 응용",판매중, 홍성용 ,"27,000원","27,000원(0% off)",810점 (3%),집필서,, 2015-06-08, 672 쪽,, 9791156641810,4181
0,전공이 보이는 미분적분학: FOR ELECTRICAL & ELECTRONIC ENGINEERS,판매중, 장윤석 ,"22,000원","22,000원(0% off)",660점 (3%),집필서,, 2015-05-30, 312 쪽,, 9791156641827,4182
0,"IT CookBook, Play 포토샵",판매중, 원다예 ,"22,000원","22,000원(0% off)",660점 (3%),집필서,, 2015-04-27, 410 쪽,, 9791156641803,4180
0,"IT CookBook, 엑셀과 파워포인트 2013 개정판",판매중, 강동진 외 4 ,"22,000원","22,000원(0% off)",660점 (3%),집필서,, 2015-04-10, 556 쪽,, 9791156641773,4177
0,"IT CookBook, 비주얼 베이직 2010 for Beginner",판매중, 임관철 ,"24,000원","24,000원(0% off)",720점 (3%),집필서,, 2015-02-26, 432 쪽,, 9791156641728,4172
0,"IT CookBook, C C++로 배우는 자료구조론",판매중, 주우석 ,"23,000원","23,000원(0% off)",690점 (3%),집필서,, 2015-02-24, 696 쪽,, 9791156641780,4178
0,"IT CookBook, 광통신 공학 : MATLAB과 함께하는 광통신 시스템",판매중, 이종형 ,"28,000원","28,000원(0% off)",840점 (3%),집필서,, 2015-02-24, 480 쪽,, 9791156641759,4175
0,"IT CookBook, 디지털 영상처리 입문 : 오감을 자극하는 3차원 입체 학습",판매중," 신종홍 , 장선봉 , 지인호 ","25,000원","25,000원(0% off)",750점 (3%),집필서,, 2015-02-16, 600 쪽,, 9791156641766,4176
0,"IT CookBook, 엑셀 2013 : 기본 기능부터 실무 활용까지",판매중, 하숙정 ,"20,000원","20,000원(0% off)",600점 (3%),집필서,, 2015-02-16, 520 쪽,, 9791156641506,4150
0,정보보안 기사 & 산업기사 (필기),판매중," 윤대원 , 박인근 ","29,000원","29,000원(0% off)",870점 (3%),집필서,, 2015-02-11, 672 쪽,, 9791156641735,4173
0,"IT CookBook, 컴퓨터 활용과 실습 : 컴퓨터 기초, 한글 2014, 엑셀 2013, 파워포인트 2013",판매중, 김주영 ,"22,000원","22,000원(0% off)",660점 (3%),집필서,, 2015-02-02, 464 쪽,, 9791156641490,4149
0,"IT CookBook, 핵심이 보이는 신호 및 시스템 : 기본 이론부터 MATLAB 실습까지",판매중, 이철희 ,"28,000원","28,000원(0% off)",840점 (3%),집필서,, 2015-01-09, 628 쪽,, 9791156641469,4146
0,"IT CookBook, 실전에 강한 PLC : 기본 이론부터 실습까지",판매중, 정완보 ,"20,000원","20,000원(0% off)",600점 (3%),집필서,, 2015-01-01, 384 쪽,, 9791156641452,4145
0,"IT CookBook, 원리로 이해하는 통신이론 : Analog & Digital Communications",판매중, 한동석 ,"24,000원","24,000원(0% off)",720점 (3%),집필서,, 2015-01-01, 352 쪽,, 9791156641445,4144
0,공학 핵심수학 : Core Mathematics for Engineering,판매중, 함남우 ,"20,000원","20,000원(0% off)",600점 (3%),집필서,, 2015-01-01, 372 쪽,, 9791156641438,4143
0,"IT CookBook, 파워포인트 2013 : 기본 기능부터 프레젠테이션 스킬까지 한번에!",판매중," 채종서 , 차유빈 ","20,000원","20,000원(0% off)",600점 (3%),집필서,, 2014-12-17, 496 쪽,, 9791156641377,4137
0,"IT CookBook, Compact C 프로그래밍",판매중, 김충석 ,"24,000원","24,000원(0% off)",720점 (3%),집필서,, 2014-12-15, 536 쪽,, 9791156641483,4148
0,"IT CookBook, 스마트 시대의 멀티미디어 : 멀티미디어 기본 이론부터 최신 기술 동향까지",판매중," 김용태 , 박길철 ","28,000원","28,000원(0% off)",840점 (3%),집필서,, 2014-12-15, 600 쪽,, 9791156641476,4147
0,"IT CookBook, 한글 2014 for Beginner",판매중, 양숙희 ,"10,000원","10,000원(0% off)",300점 (3%),집필서,, 2014-12-04, 152 쪽,, 9791156641414,4141
0,"IT CookBook, 엑셀 2013 for Beginner",판매중, 양숙희 ,"10,000원","10,000원(0% off)",300점 (3%),집필서,, 2014-11-28, 152 쪽,, 9791156641407,4140
0,"IT CookBook, New 데이터통신과 네트워킹 : 차세대 통신을 위한 밑그림",판매중, 강문식 ,"26,000원","26,000원(0% off)",780점 (3%),집필서,, 2014-11-27, 520 쪽,, 9791156641421,4142
0,"IT CookBook, 워드 2013 for Beginner",판매중, 최희식 ,"10,000원","10,000원(0% off)",300점 (3%),집필서,, 2014-10-28, 160 쪽,, 9791156641384,4138
0,"IT CookBook, 파워포인트 2013 for Beginner",판매중, 최희식 ,"10,000원","10,000원(0% off)",300점 (3%),집필서,, 2014-10-28, 176 쪽,, 9791156641285,4128
0,이자론 중심으로 배우는 금융수학 : 보험계리사 시험 대비,판매중, 이재원 ,"26,000원","26,000원(0% off)",780점 (3%),집필서,, 2014-10-10, 400 쪽,, 9791156641315,4131
0,"IT CookBook, 쉽게 배우는 유전 알고리즘 : 진화적 접근법",판매중, 문병로 ,"23,000원","23,000원(0% off)",690점 (3%),집필서,, 2014-09-02, 284 쪽,, 9791156641353,4135
0,"IT CookBook, 컴퓨터 아키텍처 : 컴퓨터 구조 및 동작 원리",판매중, 우종정 ,"26,000원","26,000원(0% off)",780점 (3%),집필서,, 2014-08-11, 572 쪽,, 9791156641322,4132
0,"IT CookBook, 초보자의 첫 번째 한글 2010",판매중, 양숙희 ,"10,000원","10,000원(0% off)",300점 (3%),집필서,, 2014-08-01, 152 쪽,, 9791156641124,4112
0,"IT CookBook, C 언어로 배우는 8051 마이크로프로세서",판매중, 임석구 ,"25,000원","25,000원(0% off)",750점 (3%),집필서,, 2014-07-28, 596 쪽,, 9791156641278,4127
0,"IT CookBook, 회로이론 : Circuits",판매중," Fawwaz T. Ulaby , Michel M. Maharbiz ","34,000원","34,000원(0% off)","1,020점 (3%)",번역서," 박병국 , 조성재 , 강인만 , 김중빈 ", 2014-07-22, 708 쪽,, 9791156641193,4119
0,"IT CookBook, 실무로 완성하는 최신 안테나 공학 : 이론에서 실무까지",판매중," Yi Huang , Kevin Boyle ","25,000원","25,000원(0% off)",750점 (3%),번역서, 유태훈 , 2014-07-14, 480 쪽,, 9791156641155,4115
0,"Introduction To Algorithms, Third Edition",판매중," 토머스 코멘 , 찰스 레이서손 , 로날드 리베스트 , 클리포드 스타인 ","47,000원","47,000원(0% off)","1,410점 (3%)",번역서," 문병로 , 심규석 , 이충세 ", 2014-07-10, 1348 쪽,, 9791156641131,4113
0,이공계생을 위한 확률과 통계 : Forward-Looking Probability and Statistics,판매중, 안승철 ,"23,000원","23,000원(0% off)",690점 (3%),집필서,, 2014-07-10, 408 쪽,, 9791156641223,4122
0,공학 기초수학 : Basic Mathematics for Engineering,판매중, 함남우 ,"18,000원","18,000원(0% off)",540점 (3%),집필서,, 2014-07-07, 412 쪽,, 9791156641179,4117
0,"IT CookBook, 컴퓨터 비전",판매중, 오일석 ,"35,000원","35,000원(0% off)","1,050점 (3%)",집필서,, 2014-07-01, 600 쪽,, 9791156641216,4121
0,실전으로 배우는 발명·특허,판매중, 윤상원 ,"22,000원","22,000원(0% off)",660점 (3%),집필서,, 2014-06-30, 300 쪽,, 9791156641162,4116
0,설계 프로세스로 배우는 창의적 공학설계,판매중, 노승환 ,"20,000원","20,000원(0% off)",600점 (3%),집필서,, 2014-06-27, 336 쪽,, 9791156641094,4109
0,"IT CookBook, 빅데이터 컴퓨팅 기술",판매중," 박두순 , 문양세 , 박영호 , 윤찬현 , 정영식 , 장형석 ","22,000원","22,000원(0% off)",660점 (3%),집필서,, 2014-06-24, 344 쪽,, 9791156641148,4114
0,"IT CookBook, 단계별로 배우는 전자회로 실험 : 기본 소자부터 응용 회로까지",판매중, 이강윤 ,"22,000원","22,000원(0% off)",660점 (3%),집필서,, 2014-06-05, 456 쪽,, 9791156641117,4111
0,"IT CookBook, CMOS 디지털 집적회로 설계 : 기본 이론부터 실습까지",판매중, 신경욱 ,"26,000원","26,000원(0% off)",780점 (3%),집필서,, 2014-05-30, 464 쪽,, 9791156641100,4110
0,"IT CookBook, 익스플로링 아두이노",판매중, JEREMY BLUM ,"27,000원","27,000원(0% off)",810점 (3%),번역서, 김찬웅 , 2014-05-26, 404 쪽,, 9791156641070,4107
0,"IT CookBook, RF 및 초고주파 공학",판매중, 카이 창(Kai Chang) ,"24,000원","24,000원(0% off)",720점 (3%),번역서, 홍익표 , 2014-03-12, 392 쪽,, 9791156641063,4106
0,"IT CookBook, 인터넷 이해와 활용 : 인터넷 기초부터 홈페이지 제작까지(개정2판)",판매중," 안치현 , 김형철 ","22,000원","22,000원(0% off)",660점 (3%),집필서,, 2014-03-12, 460 쪽,, 9791156641056,4105
0,"IT CookBook, 엑셀 2010 실무와 활용",판매중, 전미진 ,"19,000원","19,000원(0% off)",570점 (3%),집필서,, 2014-02-24, 428 쪽,, 9788998756802,4080
0,"IT CookBook, 엑셀과 파워포인트 2010 실무와 활용",판매중," 전미진 , 고경희 ","21,000원","21,000원(0% off)",630점 (3%),집필서,, 2014-02-24, 648 쪽,, 9788998756789,4078
0,"IT CookBook, 파워포인트 2010 실무와 활용",판매중, 고경희 ,"19,000원","19,000원(0% off)",570점 (3%),집필서,, 2014-02-24, 448 쪽,, 9788998756949,4094
0,"IT CookBook, ASP.NET 4.0 프로그래밍",판매중, 김동아 ,"28,000원","28,000원(0% off)",840점 (3%),집필서,, 2014-02-19, 684 쪽,, 9791156641025,4102
0,"IT CookBook, 초보자의 첫 번째 워드 2010",판매중, 최희식 ,"10,000원","10,000원(0% off)",300점 (3%),집필서,, 2014-02-19, 160 쪽,, 9788998756987,4098
0,"IT CookBook, 파워포인트 2007 실무와 활용",판매중, 고경희 ,"18,000원","18,000원(0% off)",540점 (3%),집필서,, 2014-02-17, 420 쪽,, 9788998756901,4090
0,"IT CookBook, New 인터넷 이해와 활용",판매중, 김경신 ,"25,000원","25,000원(0% off)",750점 (3%),집필서,, 2014-01-09, 464 쪽,, 9788998756703,4070
0,"IT CookBook, 프로젝트로 배우는 자바 웹 프로그래밍",판매중, 황희정 ,"26,000원","26,000원(0% off)",780점 (3%),집필서,, 2014-01-09, 692 쪽,, 9788998756680,4068
0,"IT CookBook, 디지털 논리회로 실험 : 120개의 기본 실험과 12개의 텀 프로젝트",판매중," 임석구 , 홍경호 ","23,000원","23,000원(0% off)",690점 (3%),집필서,, 2014-01-08, 440 쪽,, 9788998756758,4075
0,"IT CookBook, 윈도우 프로그래밍 : Visual C++ 2010 MFC Programming",판매중," 김선우 , 신화선 ","28,000원","28,000원(0% off)",840점 (3%),집필서,, 2014-01-08, 808 쪽,, 9788998756697,4069
0,"IT CookBook, 실감나게 배우는 제어공학",판매중," 한수희 , 이영삼 , 권보규 , 권오규 , 권욱현 ","28,000원","28,000원(0% off)",840점 (3%),집필서,, 2014-01-02, 620 쪽,, 9788998756710,4071
0,"IT CookBook, 디지털 실험 : with PSpice",판매중, 홍순관 ,"16,000원","16,000원(0% off)",480점 (3%),집필서,, 2013-12-31, 292 쪽,, 9788998756772,4077
0,"IT CookBook, 디지털 공학 : 논리회로의 설계 원리",판매중," 김대정 , 모현선 ","28,000원","28,000원(0% off)",840점 (3%),집필서,, 2013-12-02, 596 쪽,, 9788998756765,4076
0,기초 선형대수학 : BASIC LINEAR ALGEBRA,판매중," 이광연 , 설한국 , 김진수 ","25,000원","25,000원(0% off)",750점 (3%),집필서,, 2013-11-02, 456 쪽,, 9788998756642,4064
0,대학수학 Plus : University Mathematics,판매중, 이재원 ,"26,000원","26,000원(0% off)",780점 (3%),집필서,, 2013-10-14, 528 쪽,, 9788998756635,4063
0,"IT CookBook, 웹 기획 기초와 설계(개정판) : 웹 사이트, 인터페이스, 디자인",판매중, 강은정 ,"23,000원","23,000원(0% off)",690점 (3%),집필서,, 2013-09-15, 432 쪽,, 9788998756604,4060
0,"IT CookBook, 단계별로 따라하며 배우는 디지털 공학 실험",판매중," 이승호 , 민경옥 ","22,000원","22,000원(0% off)",660점 (3%),집필서,, 2013-08-21, 372 쪽,, 9788998756499,4049
0,"IT CookBook, 데이터베이스 기초와 실습 : 액세스 2010",판매중, 김지연 ,"24,000원","24,000원(0% off)",720점 (3%),집필서,, 2013-08-21, 536 쪽,, 9788998756369,4036
0,"IT CookBook, 컴퓨터 구조와 원리 2.0 : 비주얼 컴퓨터 아키텍처",판매중, 신종홍 ,"25,000원","25,000원(0% off)",750점 (3%),집필서,, 2013-08-21, 640 쪽,, 9788998756314,4031
0,기초 확률과 통계 : BASIC PROBABILITY & STATISTICS,판매중, 박대수 ,"18,000원","18,000원(0% off)",540점 (3%),집필서,, 2013-08-21, 384 쪽,, 9788998756543,4054
0,"IT CookBook, 전자기학 : ELECTROMAGNETICS",판매중," Arlon T. Adams , Jay Kyoon Lee(이재균) ","30,000원","30,000원(0% off)",900점 (3%),번역서," 유태훈 , 허노정 ", 2013-08-19, 640 쪽,, 9788998756284,4028
0,"IT CookBook, OpenGL로 배우는 3차원 컴퓨터 그래픽스",판매중, 주우석 ,"38,000원","38,000원(0% off)","1,140점 (3%)",집필서,, 2013-08-18, 908 쪽,, 9788998756505,4050
0,"IT CookBook, 인공지능 개론",판매중, 마이클 네그네빗스키 ,"25,000원","25,000원(0% off)",750점 (3%),번역서, 김용혁 , 2013-08-13, 484 쪽,, 9788998756451,4045
0,"IT CookBook, 현대 반도체 소자 공학 : Modern Semiconductor Devices for Integrated Circuits",판매중, 첸밍 후(Chenming Calvin Hu) ,"25,000원","25,000원(0% off)",750점 (3%),번역서," 권기영 , 신형철 , 이종호 ", 2013-08-13, 456 쪽,, 9788998756390,4039
0,"IT CookBook, 디지털 신호 처리 : 기본 이론부터 MATLAB 실습까지",판매중, 이철희 ,"28,000원","28,000원(0% off)",840점 (3%),집필서,, 2013-07-31, 640 쪽,, 9788998756307,4030
0,"IT CookBook, enjoy design 포토샵 CS6",판매중, 이영주 ,"25,000원","25,000원(0% off)",750점 (3%),집필서,, 2013-07-28, 522 쪽,, 9788998756352,4035
0,"IT CookBook, TCP/IP 윈도우 소켓 프로그래밍",판매중, 김선우 ,"25,000원","25,000원(0% off)",750점 (3%),집필서,, 2013-07-28, 604 쪽,, 9788998756444,4044
0,"IT CookBook, 초보자의 첫 번째 파워포인트 2010",판매중, 최희식 ,"10,000원","10,000원(0% off)",300점 (3%),집필서,, 2013-07-28, 176 쪽,, 9788998756536,4053
0,"IT CookBook, 전자회로 : 핵심 개념부터 응용까지",판매중," 강문식 , 신경욱 ","32,000원","32,000원(0% off)",960점 (3%),집필서,, 2013-07-25, 860 쪽,, 9788998756482,4048
0,"IT CookBook, 데이터베이스 관리와 실습(개정판) : MS SQL Server 2008",판매중, 손광수 ,"25,000원","25,000원(0% off)",750점 (3%),집필서,, 2013-07-02, 584 쪽,, 9788998756468,4046
0,"IT CookBook, 마이크로컨트롤러 AVR ATmega128 : 상태도를 이용한 시스템 설계",판매중, 이상설 ,"29,000원","29,000원(0% off)",870점 (3%),집필서,, 2013-07-02, 604 쪽,, 9788998756376,4037
0,"IT CookBook, 자바로 배우는 쉬운 자료구조",판매중, 이지영 ,"24,800원","24,800원(0% off)",744점 (3%),집필서,, 2013-07-02, 536 쪽,, 9788998756420,4042
0,"IT CookBook, 프로그래밍 언어론 : 쉽게 배우는 언어의 원리와 구조",판매중," 김종훈 , 김종진 ","20,000원","20,000원(0% off)",600점 (3%),집필서,, 2013-07-02, 384 쪽,, 9788998756437,4043
0,"IT CookBook, SQL Server로 배우는 데이터베이스 개론과 실습",판매중," 박우창 , 남송휘 ","27,000원","27,000원(0% off)",810점 (3%),집필서,, 2013-07-01, 576 쪽,, 9788998756246,4024
0,"IT CookBook, C++ 하이킹 : 객체지향과 만나는 여행",판매중," 성윤정 , 김태은 ","25,000원","25,000원(0% off)",750점 (3%),집필서,, 2013-06-19, 676 쪽,, 9788998756215,4021
0,"IT CookBook, 반도체 공학 연습문제 풀이집",판매중, 김동명 ,"22,000원","22,000원(0% off)",660점 (3%),집필서,, 2013-05-31, 336 쪽,, 9788998756239,4023
0,"IT CookBook, C 프로그래밍",판매중," 강동진, 하숙정, 임수연, 송무희, 박보석 ","24,000원","24,000원(0% off)",720점 (3%),집필서,, 2013-03-20, 652 쪽,, 9788998756161,4016
0,"IT CookBook, 컴퓨터 활용 : 윈도우 7, 한글 2010, 엑셀 2010, 파워포인트 2010",판매중," 김주영 , 정영준 ","21,000원","21,000원(0% off)",630점 (3%),집필서,, 2013-03-20, 496 쪽,, 9788998756154,4015
0,"IT CookBook, 초보자의 첫 번째 엑셀 2010",판매중, 양숙희 ,"10,000원","10,000원(0% off)",300점 (3%),집필서,, 2013-03-12, 152 쪽,, 9788998756109,4010
0,"IT CookBook, 개념이 보이는 물리전자공학",판매중, 이현용 ,"24,000원","24,000원(0% off)",720점 (3%),집필서,, 2013-02-28, 416 쪽,, 9788998756031,4003
0,문제해결력을 키우는 이공계 글쓰기 : 발표와 토론까지,판매중, 한성우 ,"18,000원","18,000원(0% off)",540점 (3%),집필서,, 2013-02-28, 396 쪽,, 9788998756024,4002
0,"진로개발과 직업세계 : 대학생과 청년층을 위한 진로, 취업지침서",판매중," 서일수 , 김도균 , 김지혜 , 이정배 ","20,000원","20,000원(0% off)",600점 (3%),집필서,, 2013-02-28, 392 쪽,, 9788998756048,4004
0,Essential Calculus,판매중, James Stewart ,"36,000원","36,000원(0% off)","1,080점 (3%)",원서,, 2012-07-08, 960 쪽,, 9781133492566,7999
0,"IT CookBook, 디지털 통신 시스템 : Digital Communication Systems",판매중," 정호영 , 임승각 ","25,000원","25,000원(0% off)",750점 (3%),집필서,, 2011-01-31, 576 쪽,, 9788979147988,1798
0,"IT CookBook, 운영체제론 : Operating Systems, 3rd Ed",판매중," 하비 디텔 , 폴 디텔 , 데이빗 쇼픈스 ","32,000원","32,000원(0% off)",960점 (3%),번역서, 송경희 , 2009-09-04, 860 쪽,, 9788979146844,1684
